odds_1,predicted_is_draw,probability_of_draw
327,1,0.9943652345474248
325,1,0.9961488715677217
324,1,0.997999347041472
306,1,0.99633115548946
323,1,0.9979911765734747
319,1,0.9983599727698744
315,1,0.9974858605897482
312,1,0.9686477801717245
325,1,0.9961488715677217
