match_id,odds_1,predicted_result_encoded,predicted_result,probability_1,probability_2,probability_X
101,1.5,1,2,0.017436858559256113,0.9825090461579868,5.4095282757088674e-05
102,2.0,0,1,0.5231843205649924,0.4767506769674316,6.500246757599572e-05
103,2.5,1,2,0.3291588462598465,0.6703612679126902,0.0004798858274633417
104,3.0,2,X,0.026800663631979783,0.005717625586155202,0.967481710781865
105,3.5,0,1,0.9568269606514092,0.0232129934564582,0.0199600458921325
106,4.0,0,1,0.971451662060054,0.01803015318442851,0.010518184755517551
107,2.2,0,1,0.619351857529195,0.38059225910681926,5.5883363985836284e-05
108,2.8,1,2,0.3595534166618187,0.6347937409342098,0.005652842403971414
